0,1,non/resized257.jpg
0,1,non/resized474.jpg
0,1,non/resized520.jpg
1,0,nude/resized716.jpg
0,1,non/resized420.jpg
0,1,non/resized658.jpg
0,1,non/resized554.jpg
0,1,non/resized111.jpg
1,0,nude/resized609.jpg
0,1,non/resized108.jpg
1,0,nude/resized70.jpg
0,1,non/resized366.jpg
1,0,nude/resized202.jpg
1,0,nude/resized250.jpg
1,0,nude/resized10.jpg
1,0,nude/resized45.jpg
1,0,nude/resized357.jpg
0,1,non/resized519.jpg
0,1,non/resized645.jpg
1,0,nude/resized775.jpg
0,1,non/resized545.jpg
0,1,non/resized689.jpg
1,0,nude/resized169.jpg
1,0,nude/resized82.jpg
1,0,nude/resized146.jpg
0,1,non/resized137.jpg
0,1,non/resized381.jpg
0,1,non/resized179.jpg
1,0,nude/resized551.jpg
1,0,nude/resized107.jpg
1,0,nude/resized201.jpg
1,0,nude/resized763.jpg
1,0,nude/resized651.jpg
1,0,nude/resized175.jpg
1,0,nude/resized459.jpg
0,1,non/resized81.jpg
1,0,nude/resized699.jpg
1,0,nude/resized12.jpg
0,1,non/resized77.jpg
1,0,nude/resized297.jpg
1,0,nude/resized272.jpg
1,0,nude/resized667.jpg
1,0,nude/resized613.jpg
0,1,non/resized495.jpg
0,1,non/resized313.jpg
0,1,non/resized34.jpg
1,0,nude/resized431.jpg
1,0,nude/resized736.jpg
1,0,nude/resized629.jpg
0,1,non/resized687.jpg
0,1,non/resized657.jpg
0,1,non/resized295.jpg
1,0,nude/resized617.jpg
1,0,nude/resized72.jpg
1,0,nude/resized85.jpg
0,1,non/resized174.jpg
0,1,non/resized492.jpg
0,1,non/resized11.jpg
1,0,nude/resized623.jpg
0,1,non/resized192.jpg
1,0,nude/resized36.jpg
1,0,nude/resized311.jpg
1,0,nude/resized354.jpg
0,1,non/resized662.jpg
0,1,non/resized489.jpg
1,0,nude/resized404.jpg
0,1,non/resized112.jpg
1,0,nude/resized372.jpg
1,0,nude/resized718.jpg
0,1,non/resized647.jpg
1,0,nude/resized594.jpg
0,1,non/resized9.jpg
0,1,non/resized322.jpg
1,0,nude/resized153.jpg
0,1,non/resized27.jpg
1,0,nude/resized285.jpg
1,0,nude/resized742.jpg
1,0,nude/resized472.jpg
0,1,non/resized130.jpg
1,0,nude/resized439.jpg
1,0,nude/resized656.jpg
0,1,non/resized79.jpg
0,1,non/resized25.jpg
1,0,nude/resized191.jpg
1,0,nude/resized367.jpg
0,1,non/resized126.jpg
1,0,nude/resized51.jpg
1,0,nude/resized69.jpg
1,0,nude/resized149.jpg
1,0,nude/resized137.jpg
0,1,non/resized13.jpg
0,1,non/resized442.jpg
1,0,nude/resized488.jpg
1,0,nude/resized113.jpg
1,0,nude/resized124.jpg
0,1,non/resized524.jpg
0,1,non/resized185.jpg
1,0,nude/resized119.jpg
0,1,non/resized616.jpg
1,0,nude/resized719.jpg
0,1,non/resized394.jpg
0,1,non/resized123.jpg
0,1,non/resized285.jpg
0,1,non/resized694.jpg
0,1,non/resized335.jpg
1,0,nude/resized502.jpg
1,0,nude/resized760.jpg
0,1,non/resized613.jpg
1,0,nude/resized38.jpg
1,0,nude/resized454.jpg
1,0,nude/resized485.jpg
1,0,nude/resized423.jpg
0,1,non/resized184.jpg
0,1,non/resized512.jpg
1,0,nude/resized591.jpg
0,1,non/resized503.jpg
1,0,nude/resized438.jpg
1,0,nude/resized677.jpg
0,1,non/resized301.jpg
1,0,nude/resized287.jpg
0,1,non/resized700.jpg
0,1,non/resized376.jpg
1,0,nude/resized691.jpg
1,0,nude/resized207.jpg
1,0,nude/resized269.jpg
1,0,nude/resized5.jpg
0,1,non/resized261.jpg
0,1,non/resized479.jpg
0,1,non/resized627.jpg
1,0,nude/resized253.jpg
1,0,nude/resized11.jpg
0,1,non/resized203.jpg
1,0,nude/resized761.jpg
0,1,non/resized49.jpg
1,0,nude/resized541.jpg
0,1,non/resized356.jpg
1,0,nude/resized140.jpg
0,1,non/resized198.jpg
1,0,nude/resized626.jpg
1,0,nude/resized405.jpg
0,1,non/resized37.jpg
0,1,non/resized148.jpg
0,1,non/resized214.jpg
1,0,nude/resized341.jpg
0,1,non/resized625.jpg
1,0,nude/resized165.jpg
0,1,non/resized138.jpg
0,1,non/resized544.jpg
1,0,nude/resized55.jpg
1,0,nude/resized455.jpg
0,1,non/resized673.jpg
1,0,nude/resized576.jpg
0,1,non/resized570.jpg
0,1,non/resized264.jpg
0,1,non/resized230.jpg
1,0,nude/resized26.jpg
1,0,nude/resized206.jpg
1,0,nude/resized579.jpg
0,1,non/resized537.jpg
1,0,nude/resized106.jpg
1,0,nude/resized182.jpg
0,1,non/resized132.jpg
1,0,nude/resized643.jpg
0,1,non/resized136.jpg
1,0,nude/resized630.jpg
1,0,nude/resized592.jpg
0,1,non/resized314.jpg
0,1,non/resized15.jpg
1,0,nude/resized556.jpg
1,0,nude/resized764.jpg
0,1,non/resized319.jpg
1,0,nude/resized30.jpg
1,0,nude/resized530.jpg
1,0,nude/resized115.jpg
0,1,non/resized432.jpg
1,0,nude/resized373.jpg
0,1,non/resized183.jpg
1,0,nude/resized25.jpg
1,0,nude/resized399.jpg
0,1,non/resized352.jpg
1,0,nude/resized263.jpg
0,1,non/resized312.jpg
0,1,non/resized576.jpg
0,1,non/resized457.jpg
0,1,non/resized568.jpg
1,0,nude/resized753.jpg
1,0,nude/resized683.jpg
0,1,non/resized661.jpg
0,1,non/resized514.jpg
0,1,non/resized571.jpg
1,0,nude/resized301.jpg
0,1,non/resized351.jpg
0,1,non/resized454.jpg
0,1,non/resized248.jpg
1,0,nude/resized477.jpg
0,1,non/resized225.jpg
0,1,non/resized518.jpg
1,0,nude/resized434.jpg
0,1,non/resized390.jpg
0,1,non/resized407.jpg
1,0,nude/resized583.jpg
1,0,nude/resized734.jpg
0,1,non/resized106.jpg
1,0,nude/resized410.jpg
0,1,non/resized353.jpg
1,0,nude/resized211.jpg
0,1,non/resized610.jpg
1,0,nude/resized776.jpg
0,1,non/resized384.jpg
0,1,non/resized180.jpg
0,1,non/resized92.jpg
0,1,non/resized498.jpg
1,0,nude/resized298.jpg
1,0,nude/resized195.jpg
1,0,nude/resized501.jpg
1,0,nude/resized610.jpg
0,1,non/resized428.jpg
1,0,nude/resized512.jpg
0,1,non/resized398.jpg
1,0,nude/resized369.jpg
0,1,non/resized695.jpg
0,1,non/resized358.jpg
0,1,non/resized525.jpg
1,0,nude/resized571.jpg
1,0,nude/resized337.jpg
0,1,non/resized463.jpg
1,0,nude/resized126.jpg
0,1,non/resized449.jpg
1,0,nude/resized283.jpg
1,0,nude/resized246.jpg
0,1,non/resized337.jpg
1,0,nude/resized170.jpg
0,1,non/resized165.jpg
0,1,non/resized345.jpg
0,1,non/resized217.jpg
0,1,non/resized135.jpg
1,0,nude/resized765.jpg
0,1,non/resized664.jpg
0,1,non/resized648.jpg
0,1,non/resized623.jpg
0,1,non/resized42.jpg
1,0,nude/resized673.jpg
0,1,non/resized287.jpg
0,1,non/resized218.jpg
1,0,nude/resized622.jpg
1,0,nude/resized342.jpg
0,1,non/resized275.jpg
0,1,non/resized238.jpg
1,0,nude/resized395.jpg
1,0,nude/resized458.jpg
1,0,nude/resized508.jpg
0,1,non/resized585.jpg
0,1,non/resized168.jpg
1,0,nude/resized743.jpg
0,1,non/resized239.jpg
0,1,non/resized21.jpg
1,0,nude/resized79.jpg
1,0,nude/resized635.jpg
0,1,non/resized414.jpg
1,0,nude/resized247.jpg
1,0,nude/resized628.jpg
1,0,nude/resized116.jpg
0,1,non/resized534.jpg
1,0,nude/resized659.jpg
1,0,nude/resized98.jpg
1,0,nude/resized379.jpg
1,0,nude/resized705.jpg
1,0,nude/resized679.jpg
0,1,non/resized400.jpg
1,0,nude/resized228.jpg
1,0,nude/resized441.jpg
0,1,non/resized418.jpg
1,0,nude/resized305.jpg
1,0,nude/resized34.jpg
1,0,nude/resized572.jpg
1,0,nude/resized152.jpg
1,0,nude/resized473.jpg
1,0,nude/resized688.jpg
0,1,non/resized686.jpg
1,0,nude/resized664.jpg
0,1,non/resized327.jpg
0,1,non/resized443.jpg
0,1,non/resized320.jpg
0,1,non/resized488.jpg
0,1,non/resized452.jpg
1,0,nude/resized143.jpg
1,0,nude/resized316.jpg
0,1,non/resized278.jpg
0,1,non/resized297.jpg
0,1,non/resized120.jpg
0,1,non/resized380.jpg
0,1,non/resized663.jpg
0,1,non/resized599.jpg
1,0,nude/resized294.jpg
1,0,nude/resized599.jpg
1,0,nude/resized128.jpg
1,0,nude/resized223.jpg
0,1,non/resized157.jpg
1,0,nude/resized392.jpg
1,0,nude/resized533.jpg
0,1,non/resized293.jpg
1,0,nude/resized596.jpg
1,0,nude/resized122.jpg
1,0,nude/resized290.jpg
1,0,nude/resized325.jpg
1,0,nude/resized168.jpg
0,1,non/resized393.jpg
0,1,non/resized502.jpg
0,1,non/resized24.jpg
1,0,nude/resized156.jpg
1,0,nude/resized135.jpg
1,0,nude/resized295.jpg
1,0,nude/resized329.jpg
1,0,nude/resized142.jpg
1,0,nude/resized363.jpg
0,1,non/resized468.jpg
0,1,non/resized379.jpg
0,1,non/resized579.jpg
1,0,nude/resized324.jpg
1,0,nude/resized289.jpg
1,0,nude/resized271.jpg
0,1,non/resized140.jpg
0,1,non/resized609.jpg
1,0,nude/resized166.jpg
0,1,non/resized526.jpg
1,0,nude/resized589.jpg
1,0,nude/resized220.jpg
1,0,nude/resized536.jpg
1,0,nude/resized231.jpg
0,1,non/resized417.jpg
0,1,non/resized596.jpg
0,1,non/resized26.jpg
0,1,non/resized350.jpg
1,0,nude/resized745.jpg
0,1,non/resized302.jpg
0,1,non/resized584.jpg
0,1,non/resized145.jpg
1,0,nude/resized740.jpg
1,0,nude/resized351.jpg
1,0,nude/resized323.jpg
0,1,non/resized17.jpg
1,0,nude/resized396.jpg
0,1,non/resized100.jpg
0,1,non/resized114.jpg
0,1,non/resized540.jpg
1,0,nude/resized114.jpg
1,0,nude/resized654.jpg
1,0,nude/resized720.jpg
1,0,nude/resized484.jpg
1,0,nude/resized655.jpg
1,0,nude/resized362.jpg
0,1,non/resized621.jpg
1,0,nude/resized91.jpg
0,1,non/resized249.jpg
0,1,non/resized653.jpg
1,0,nude/resized419.jpg
1,0,nude/resized8.jpg
0,1,non/resized572.jpg
1,0,nude/resized125.jpg
1,0,nude/resized233.jpg
1,0,nude/resized739.jpg
0,1,non/resized679.jpg
0,1,non/resized212.jpg
1,0,nude/resized186.jpg
0,1,non/resized555.jpg
1,0,nude/resized417.jpg
0,1,non/resized638.jpg
0,1,non/resized8.jpg
0,1,non/resized195.jpg
0,1,non/resized597.jpg
1,0,nude/resized63.jpg
0,1,non/resized360.jpg
0,1,non/resized96.jpg
1,0,nude/resized546.jpg
1,0,nude/resized693.jpg
1,0,nude/resized487.jpg
0,1,non/resized401.jpg
1,0,nude/resized16.jpg
1,0,nude/resized21.jpg
1,0,nude/resized602.jpg
1,0,nude/resized331.jpg
1,0,nude/resized631.jpg
0,1,non/resized600.jpg
0,1,non/resized98.jpg
1,0,nude/resized470.jpg
1,0,nude/resized123.jpg
1,0,nude/resized731.jpg
1,0,nude/resized415.jpg
0,1,non/resized242.jpg
0,1,non/resized667.jpg
1,0,nude/resized99.jpg
1,0,nude/resized786.jpg
1,0,nude/resized567.jpg
0,1,non/resized429.jpg
1,0,nude/resized53.jpg
0,1,non/resized669.jpg
0,1,non/resized104.jpg
0,1,non/resized131.jpg
0,1,non/resized328.jpg
0,1,non/resized473.jpg
0,1,non/resized408.jpg
0,1,non/resized491.jpg
1,0,nude/resized467.jpg
1,0,nude/resized361.jpg
0,1,non/resized152.jpg
1,0,nude/resized178.jpg
1,0,nude/resized518.jpg
0,1,non/resized529.jpg
1,0,nude/resized89.jpg
0,1,non/resized455.jpg
0,1,non/resized272.jpg
0,1,non/resized574.jpg
0,1,non/resized115.jpg
1,0,nude/resized685.jpg
1,0,nude/resized90.jpg
1,0,nude/resized605.jpg
0,1,non/resized628.jpg
1,0,nude/resized15.jpg
1,0,nude/resized40.jpg
1,0,nude/resized147.jpg
0,1,non/resized113.jpg
0,1,non/resized153.jpg
1,0,nude/resized338.jpg
0,1,non/resized601.jpg
1,0,nude/resized77.jpg
1,0,nude/resized347.jpg
0,1,non/resized465.jpg
1,0,nude/resized675.jpg
1,0,nude/resized6.jpg
0,1,non/resized580.jpg
1,0,nude/resized652.jpg
0,1,non/resized551.jpg
0,1,non/resized674.jpg
1,0,nude/resized649.jpg
1,0,nude/resized581.jpg
1,0,nude/resized483.jpg
0,1,non/resized678.jpg
1,0,nude/resized711.jpg
1,0,nude/resized482.jpg
0,1,non/resized269.jpg
1,0,nude/resized729.jpg
1,0,nude/resized621.jpg
1,0,nude/resized604.jpg
0,1,non/resized163.jpg
0,1,non/resized378.jpg
1,0,nude/resized585.jpg
0,1,non/resized565.jpg
0,1,non/resized441.jpg
1,0,nude/resized494.jpg
0,1,non/resized279.jpg
0,1,non/resized252.jpg
0,1,non/resized690.jpg
1,0,nude/resized198.jpg
0,1,non/resized411.jpg
0,1,non/resized64.jpg
0,1,non/resized460.jpg
0,1,non/resized292.jpg
1,0,nude/resized735.jpg
0,1,non/resized282.jpg
0,1,non/resized181.jpg
1,0,nude/resized286.jpg
1,0,nude/resized526.jpg
1,0,nude/resized573.jpg
0,1,non/resized607.jpg
0,1,non/resized94.jpg
0,1,non/resized23.jpg
0,1,non/resized438.jpg
1,0,nude/resized219.jpg
1,0,nude/resized442.jpg
1,0,nude/resized521.jpg
0,1,non/resized142.jpg
0,1,non/resized265.jpg
1,0,nude/resized218.jpg
0,1,non/resized567.jpg
0,1,non/resized533.jpg
0,1,non/resized4.jpg
0,1,non/resized582.jpg
1,0,nude/resized136.jpg
0,1,non/resized487.jpg
1,0,nude/resized689.jpg
0,1,non/resized245.jpg
0,1,non/resized191.jpg
0,1,non/resized235.jpg
0,1,non/resized149.jpg
0,1,non/resized87.jpg
1,0,nude/resized636.jpg
1,0,nude/resized224.jpg
0,1,non/resized484.jpg
1,0,nude/resized692.jpg
1,0,nude/resized103.jpg
0,1,non/resized30.jpg
0,1,non/resized685.jpg
1,0,nude/resized586.jpg
1,0,nude/resized335.jpg
1,0,nude/resized144.jpg
1,0,nude/resized634.jpg
0,1,non/resized677.jpg
0,1,non/resized338.jpg
0,1,non/resized213.jpg
1,0,nude/resized540.jpg
1,0,nude/resized68.jpg
1,0,nude/resized723.jpg
0,1,non/resized244.jpg
0,1,non/resized493.jpg
0,1,non/resized598.jpg
1,0,nude/resized313.jpg
0,1,non/resized561.jpg
0,1,non/resized357.jpg
0,1,non/resized201.jpg
0,1,non/resized325.jpg
1,0,nude/resized226.jpg
1,0,nude/resized27.jpg
0,1,non/resized318.jpg
0,1,non/resized637.jpg
1,0,nude/resized258.jpg
1,0,nude/resized23.jpg
1,0,nude/resized87.jpg
1,0,nude/resized668.jpg
1,0,nude/resized707.jpg
0,1,non/resized221.jpg
0,1,non/resized382.jpg
0,1,non/resized280.jpg
0,1,non/resized577.jpg
1,0,nude/resized259.jpg
1,0,nude/resized193.jpg
1,0,nude/resized375.jpg
1,0,nude/resized251.jpg
0,1,non/resized566.jpg
0,1,non/resized650.jpg
0,1,non/resized477.jpg
1,0,nude/resized22.jpg
0,1,non/resized240.jpg
1,0,nude/resized452.jpg
0,1,non/resized194.jpg
0,1,non/resized365.jpg
0,1,non/resized144.jpg
0,1,non/resized541.jpg
0,1,non/resized575.jpg
1,0,nude/resized249.jpg
1,0,nude/resized682.jpg
0,1,non/resized410.jpg
1,0,nude/resized523.jpg
0,1,non/resized636.jpg
0,1,non/resized141.jpg
0,1,non/resized246.jpg
0,1,non/resized640.jpg
0,1,non/resized309.jpg
1,0,nude/resized590.jpg
1,0,nude/resized35.jpg
0,1,non/resized58.jpg
1,0,nude/resized42.jpg
1,0,nude/resized164.jpg
0,1,non/resized548.jpg
1,0,nude/resized747.jpg
0,1,non/resized655.jpg
1,0,nude/resized300.jpg
0,1,non/resized95.jpg
0,1,non/resized501.jpg
0,1,non/resized68.jpg
1,0,nude/resized527.jpg
1,0,nude/resized469.jpg
1,0,nude/resized273.jpg
0,1,non/resized680.jpg
0,1,non/resized32.jpg
1,0,nude/resized727.jpg
0,1,non/resized604.jpg
0,1,non/resized527.jpg
1,0,nude/resized547.jpg
0,1,non/resized197.jpg
1,0,nude/resized463.jpg
0,1,non/resized324.jpg
0,1,non/resized187.jpg
0,1,non/resized167.jpg
1,0,nude/resized355.jpg
0,1,non/resized505.jpg
1,0,nude/resized702.jpg
0,1,non/resized510.jpg
1,0,nude/resized225.jpg
0,1,non/resized476.jpg
1,0,nude/resized29.jpg
1,0,nude/resized389.jpg
0,1,non/resized331.jpg
1,0,nude/resized640.jpg
0,1,non/resized591.jpg
1,0,nude/resized49.jpg
1,0,nude/resized382.jpg
1,0,nude/resized7.jpg
0,1,non/resized444.jpg
1,0,nude/resized553.jpg
1,0,nude/resized101.jpg
0,1,non/resized651.jpg
1,0,nude/resized574.jpg
0,1,non/resized188.jpg
1,0,nude/resized701.jpg
0,1,non/resized70.jpg
0,1,non/resized377.jpg
1,0,nude/resized292.jpg
0,1,non/resized466.jpg
1,0,nude/resized317.jpg
1,0,nude/resized308.jpg
0,1,non/resized445.jpg
0,1,non/resized99.jpg
1,0,nude/resized481.jpg
1,0,nude/resized550.jpg
0,1,non/resized308.jpg
1,0,nude/resized94.jpg
1,0,nude/resized722.jpg
1,0,nude/resized334.jpg
1,0,nude/resized450.jpg
1,0,nude/resized377.jpg
0,1,non/resized359.jpg
0,1,non/resized367.jpg
1,0,nude/resized97.jpg
1,0,nude/resized562.jpg
1,0,nude/resized281.jpg
1,0,nude/resized255.jpg
0,1,non/resized223.jpg
1,0,nude/resized681.jpg
1,0,nude/resized658.jpg
0,1,non/resized316.jpg
1,0,nude/resized598.jpg
1,0,nude/resized555.jpg
1,0,nude/resized448.jpg
0,1,non/resized121.jpg
1,0,nude/resized190.jpg
0,1,non/resized241.jpg
0,1,non/resized210.jpg
0,1,non/resized208.jpg
1,0,nude/resized756.jpg
1,0,nude/resized563.jpg
1,0,nude/resized638.jpg
1,0,nude/resized296.jpg
0,1,non/resized82.jpg
1,0,nude/resized491.jpg
0,1,non/resized71.jpg
1,0,nude/resized212.jpg
0,1,non/resized368.jpg
1,0,nude/resized453.jpg
1,0,nude/resized346.jpg
1,0,nude/resized427.jpg
0,1,non/resized6.jpg
1,0,nude/resized288.jpg
0,1,non/resized202.jpg
0,1,non/resized232.jpg
0,1,non/resized1.jpg
1,0,nude/resized672.jpg
0,1,non/resized539.jpg
0,1,non/resized22.jpg
1,0,nude/resized278.jpg
1,0,nude/resized696.jpg
1,0,nude/resized633.jpg
0,1,non/resized33.jpg
1,0,nude/resized266.jpg
1,0,nude/resized648.jpg
0,1,non/resized50.jpg
1,0,nude/resized539.jpg
0,1,non/resized399.jpg
0,1,non/resized668.jpg
1,0,nude/resized429.jpg
0,1,non/resized44.jpg
1,0,nude/resized425.jpg
0,1,non/resized619.jpg
0,1,non/resized258.jpg
0,1,non/resized652.jpg
1,0,nude/resized18.jpg
0,1,non/resized237.jpg
0,1,non/resized483.jpg
1,0,nude/resized117.jpg
1,0,nude/resized204.jpg
1,0,nude/resized350.jpg
0,1,non/resized374.jpg
1,0,nude/resized151.jpg
1,0,nude/resized665.jpg
0,1,non/resized216.jpg
1,0,nude/resized403.jpg
1,0,nude/resized3.jpg
0,1,non/resized283.jpg
1,0,nude/resized276.jpg
0,1,non/resized642.jpg
1,0,nude/resized676.jpg
0,1,non/resized43.jpg
1,0,nude/resized408.jpg
0,1,non/resized307.jpg
1,0,nude/resized131.jpg
1,0,nude/resized456.jpg
0,1,non/resized578.jpg
0,1,non/resized186.jpg
1,0,nude/resized78.jpg
0,1,non/resized55.jpg
1,0,nude/resized784.jpg
0,1,non/resized592.jpg
0,1,non/resized536.jpg
0,1,non/resized290.jpg
0,1,non/resized129.jpg
1,0,nude/resized619.jpg
0,1,non/resized271.jpg
0,1,non/resized516.jpg
0,1,non/resized190.jpg
0,1,non/resized424.jpg
0,1,non/resized421.jpg
0,1,non/resized317.jpg
1,0,nude/resized321.jpg
1,0,nude/resized411.jpg
0,1,non/resized608.jpg
1,0,nude/resized196.jpg
1,0,nude/resized409.jpg
1,0,nude/resized752.jpg
0,1,non/resized51.jpg
0,1,non/resized62.jpg
0,1,non/resized296.jpg
0,1,non/resized199.jpg
1,0,nude/resized221.jpg
0,1,non/resized41.jpg
0,1,non/resized219.jpg
1,0,nude/resized466.jpg
1,0,nude/resized71.jpg
0,1,non/resized159.jpg
0,1,non/resized590.jpg
0,1,non/resized415.jpg
1,0,nude/resized566.jpg
0,1,non/resized173.jpg
1,0,nude/resized413.jpg
0,1,non/resized176.jpg
0,1,non/resized482.jpg
0,1,non/resized435.jpg
0,1,non/resized692.jpg
0,1,non/resized478.jpg
1,0,nude/resized506.jpg
0,1,non/resized90.jpg
0,1,non/resized375.jpg
0,1,non/resized431.jpg
0,1,non/resized383.jpg
0,1,non/resized573.jpg
0,1,non/resized603.jpg
1,0,nude/resized302.jpg
1,0,nude/resized489.jpg
0,1,non/resized253.jpg
0,1,non/resized507.jpg
0,1,non/resized549.jpg
0,1,non/resized19.jpg
1,0,nude/resized215.jpg
1,0,nude/resized248.jpg
1,0,nude/resized102.jpg
0,1,non/resized166.jpg
1,0,nude/resized157.jpg
1,0,nude/resized559.jpg
1,0,nude/resized88.jpg
1,0,nude/resized370.jpg
0,1,non/resized65.jpg
1,0,nude/resized130.jpg
0,1,non/resized122.jpg
1,0,nude/resized326.jpg
1,0,nude/resized557.jpg
1,0,nude/resized770.jpg
0,1,non/resized522.jpg
1,0,nude/resized777.jpg
0,1,non/resized448.jpg
0,1,non/resized73.jpg
1,0,nude/resized708.jpg
1,0,nude/resized561.jpg
0,1,non/resized413.jpg
1,0,nude/resized684.jpg
0,1,non/resized485.jpg
1,0,nude/resized730.jpg
0,1,non/resized233.jpg
0,1,non/resized362.jpg
1,0,nude/resized548.jpg
1,0,nude/resized787.jpg
1,0,nude/resized618.jpg
1,0,nude/resized768.jpg
1,0,nude/resized570.jpg
1,0,nude/resized616.jpg
1,0,nude/resized565.jpg
1,0,nude/resized67.jpg
1,0,nude/resized234.jpg
1,0,nude/resized511.jpg
1,0,nude/resized320.jpg
0,1,non/resized403.jpg
1,0,nude/resized100.jpg
0,1,non/resized28.jpg
0,1,non/resized66.jpg
0,1,non/resized558.jpg
1,0,nude/resized43.jpg
1,0,nude/resized660.jpg
1,0,nude/resized479.jpg
1,0,nude/resized687.jpg
0,1,non/resized18.jpg
1,0,nude/resized242.jpg
0,1,non/resized494.jpg
1,0,nude/resized230.jpg
1,0,nude/resized205.jpg
1,0,nude/resized532.jpg
0,1,non/resized46.jpg
1,0,nude/resized279.jpg
0,1,non/resized363.jpg
0,1,non/resized189.jpg
0,1,non/resized624.jpg
0,1,non/resized614.jpg
0,1,non/resized206.jpg
1,0,nude/resized447.jpg
0,1,non/resized701.jpg
0,1,non/resized80.jpg
1,0,nude/resized669.jpg
1,0,nude/resized407.jpg
0,1,non/resized323.jpg
0,1,non/resized103.jpg
1,0,nude/resized416.jpg
1,0,nude/resized758.jpg
0,1,non/resized471.jpg
0,1,non/resized511.jpg
1,0,nude/resized495.jpg
0,1,non/resized513.jpg
1,0,nude/resized310.jpg
0,1,non/resized469.jpg
1,0,nude/resized737.jpg
0,1,non/resized470.jpg
1,0,nude/resized714.jpg
0,1,non/resized456.jpg
1,0,nude/resized265.jpg
1,0,nude/resized252.jpg
1,0,nude/resized181.jpg
1,0,nude/resized339.jpg
1,0,nude/resized663.jpg
1,0,nude/resized741.jpg
0,1,non/resized270.jpg
0,1,non/resized134.jpg
1,0,nude/resized632.jpg
1,0,nude/resized37.jpg
0,1,non/resized277.jpg
0,1,non/resized371.jpg
0,1,non/resized622.jpg
1,0,nude/resized597.jpg
1,0,nude/resized601.jpg
1,0,nude/resized690.jpg
0,1,non/resized211.jpg
0,1,non/resized535.jpg
0,1,non/resized286.jpg
0,1,non/resized110.jpg
1,0,nude/resized28.jpg
1,0,nude/resized345.jpg
0,1,non/resized47.jpg
0,1,non/resized500.jpg
0,1,non/resized262.jpg
1,0,nude/resized380.jpg
0,1,non/resized671.jpg
1,0,nude/resized378.jpg
0,1,non/resized386.jpg
1,0,nude/resized84.jpg
1,0,nude/resized75.jpg
0,1,non/resized542.jpg
0,1,non/resized509.jpg
0,1,non/resized349.jpg
1,0,nude/resized504.jpg
1,0,nude/resized697.jpg
1,0,nude/resized750.jpg
0,1,non/resized91.jpg
0,1,non/resized289.jpg
1,0,nude/resized390.jpg
1,0,nude/resized62.jpg
1,0,nude/resized163.jpg
0,1,non/resized85.jpg
1,0,nude/resized267.jpg
0,1,non/resized67.jpg
0,1,non/resized481.jpg
0,1,non/resized660.jpg
1,0,nude/resized189.jpg
0,1,non/resized304.jpg
0,1,non/resized439.jpg
1,0,nude/resized110.jpg
0,1,non/resized530.jpg
0,1,non/resized29.jpg
1,0,nude/resized104.jpg
1,0,nude/resized314.jpg
1,0,nude/resized76.jpg
0,1,non/resized462.jpg
0,1,non/resized315.jpg
0,1,non/resized372.jpg
0,1,non/resized499.jpg
1,0,nude/resized674.jpg
0,1,non/resized300.jpg
1,0,nude/resized336.jpg
0,1,non/resized119.jpg
0,1,non/resized632.jpg
1,0,nude/resized400.jpg
0,1,non/resized467.jpg
0,1,non/resized326.jpg
0,1,non/resized361.jpg
0,1,non/resized36.jpg
0,1,non/resized672.jpg
1,0,nude/resized647.jpg
1,0,nude/resized393.jpg
1,0,nude/resized31.jpg
1,0,nude/resized428.jpg
1,0,nude/resized162.jpg
1,0,nude/resized57.jpg
1,0,nude/resized499.jpg
0,1,non/resized391.jpg
0,1,non/resized364.jpg
0,1,non/resized665.jpg
0,1,non/resized373.jpg
1,0,nude/resized430.jpg
0,1,non/resized158.jpg
0,1,non/resized276.jpg
0,1,non/resized626.jpg
1,0,nude/resized769.jpg
0,1,non/resized74.jpg
0,1,non/resized243.jpg
1,0,nude/resized612.jpg
1,0,nude/resized588.jpg
0,1,non/resized404.jpg
1,0,nude/resized365.jpg
0,1,non/resized656.jpg
0,1,non/resized346.jpg
0,1,non/resized486.jpg
1,0,nude/resized185.jpg
1,0,nude/resized500.jpg
0,1,non/resized506.jpg
1,0,nude/resized154.jpg
1,0,nude/resized343.jpg
0,1,non/resized681.jpg
0,1,non/resized480.jpg
1,0,nude/resized243.jpg
0,1,non/resized48.jpg
1,0,nude/resized391.jpg
1,0,nude/resized444.jpg
0,1,non/resized125.jpg
1,0,nude/resized74.jpg
0,1,non/resized559.jpg
1,0,nude/resized348.jpg
1,0,nude/resized358.jpg
0,1,non/resized31.jpg
1,0,nude/resized766.jpg
1,0,nude/resized538.jpg
0,1,non/resized75.jpg
0,1,non/resized354.jpg
1,0,nude/resized670.jpg
1,0,nude/resized14.jpg
0,1,non/resized204.jpg
1,0,nude/resized353.jpg
0,1,non/resized339.jpg
1,0,nude/resized41.jpg
1,0,nude/resized771.jpg
0,1,non/resized699.jpg
0,1,non/resized60.jpg
1,0,nude/resized394.jpg
0,1,non/resized12.jpg
1,0,nude/resized275.jpg
0,1,non/resized422.jpg
1,0,nude/resized537.jpg
0,1,non/resized321.jpg
1,0,nude/resized401.jpg
1,0,nude/resized694.jpg
1,0,nude/resized513.jpg
1,0,nude/resized327.jpg
1,0,nude/resized525.jpg
1,0,nude/resized245.jpg
0,1,non/resized169.jpg
0,1,non/resized143.jpg
1,0,nude/resized535.jpg
0,1,non/resized497.jpg
0,1,non/resized268.jpg
1,0,nude/resized52.jpg
1,0,nude/resized749.jpg
1,0,nude/resized303.jpg
1,0,nude/resized497.jpg
1,0,nude/resized80.jpg
0,1,non/resized446.jpg
1,0,nude/resized129.jpg
0,1,non/resized284.jpg
1,0,nude/resized318.jpg
0,1,non/resized521.jpg
1,0,nude/resized751.jpg
0,1,non/resized412.jpg
1,0,nude/resized779.jpg
1,0,nude/resized73.jpg
0,1,non/resized586.jpg
0,1,non/resized78.jpg
0,1,non/resized207.jpg
1,0,nude/resized650.jpg
1,0,nude/resized344.jpg
0,1,non/resized634.jpg
1,0,nude/resized464.jpg
0,1,non/resized224.jpg
0,1,non/resized697.jpg
0,1,non/resized436.jpg
1,0,nude/resized414.jpg
1,0,nude/resized614.jpg
0,1,non/resized288.jpg
1,0,nude/resized678.jpg
0,1,non/resized139.jpg
1,0,nude/resized264.jpg
1,0,nude/resized105.jpg
1,0,nude/resized340.jpg
0,1,non/resized693.jpg
0,1,non/resized263.jpg
1,0,nude/resized715.jpg
1,0,nude/resized608.jpg
1,0,nude/resized710.jpg
0,1,non/resized562.jpg
1,0,nude/resized774.jpg
1,0,nude/resized564.jpg
1,0,nude/resized188.jpg
1,0,nude/resized93.jpg
0,1,non/resized546.jpg
0,1,non/resized63.jpg
0,1,non/resized128.jpg
0,1,non/resized397.jpg
1,0,nude/resized624.jpg
0,1,non/resized553.jpg
1,0,nude/resized277.jpg
1,0,nude/resized179.jpg
1,0,nude/resized356.jpg
0,1,non/resized234.jpg
1,0,nude/resized725.jpg
0,1,non/resized124.jpg
1,0,nude/resized582.jpg
0,1,non/resized52.jpg
1,0,nude/resized462.jpg
1,0,nude/resized333.jpg
1,0,nude/resized148.jpg
1,0,nude/resized9.jpg
0,1,non/resized666.jpg
0,1,non/resized227.jpg
1,0,nude/resized187.jpg
1,0,nude/resized744.jpg
0,1,non/resized587.jpg
0,1,non/resized40.jpg
1,0,nude/resized364.jpg
0,1,non/resized643.jpg
0,1,non/resized617.jpg
1,0,nude/resized33.jpg
1,0,nude/resized127.jpg
0,1,non/resized150.jpg
0,1,non/resized611.jpg
1,0,nude/resized603.jpg
0,1,non/resized38.jpg
0,1,non/resized543.jpg
1,0,nude/resized641.jpg
1,0,nude/resized755.jpg
0,1,non/resized222.jpg
1,0,nude/resized235.jpg
0,1,non/resized464.jpg
0,1,non/resized220.jpg
0,1,non/resized291.jpg
1,0,nude/resized227.jpg
0,1,non/resized86.jpg
1,0,nude/resized86.jpg
0,1,non/resized7.jpg
1,0,nude/resized507.jpg
0,1,non/resized215.jpg
1,0,nude/resized332.jpg
1,0,nude/resized704.jpg
1,0,nude/resized280.jpg
1,0,nude/resized244.jpg
0,1,non/resized266.jpg
1,0,nude/resized778.jpg
1,0,nude/resized465.jpg
0,1,non/resized595.jpg
0,1,non/resized14.jpg
1,0,nude/resized700.jpg
1,0,nude/resized59.jpg
0,1,non/resized329.jpg
1,0,nude/resized167.jpg
0,1,non/resized93.jpg
0,1,non/resized447.jpg
0,1,non/resized698.jpg
0,1,non/resized156.jpg
0,1,non/resized629.jpg
1,0,nude/resized520.jpg
1,0,nude/resized646.jpg
1,0,nude/resized47.jpg
1,0,nude/resized732.jpg
0,1,non/resized581.jpg
0,1,non/resized675.jpg
1,0,nude/resized141.jpg
0,1,non/resized387.jpg
0,1,non/resized684.jpg
0,1,non/resized102.jpg
0,1,non/resized369.jpg
0,1,non/resized564.jpg
1,0,nude/resized319.jpg
1,0,nude/resized468.jpg
1,0,nude/resized754.jpg
0,1,non/resized392.jpg
0,1,non/resized649.jpg
1,0,nude/resized1.jpg
0,1,non/resized57.jpg
1,0,nude/resized432.jpg
1,0,nude/resized304.jpg
0,1,non/resized396.jpg
1,0,nude/resized406.jpg
0,1,non/resized161.jpg
0,1,non/resized440.jpg
1,0,nude/resized291.jpg
1,0,nude/resized20.jpg
1,0,nude/resized471.jpg
0,1,non/resized171.jpg
0,1,non/resized682.jpg
1,0,nude/resized503.jpg
0,1,non/resized162.jpg
1,0,nude/resized2.jpg
1,0,nude/resized371.jpg
0,1,non/resized259.jpg
0,1,non/resized236.jpg
1,0,nude/resized236.jpg
0,1,non/resized615.jpg
1,0,nude/resized299.jpg
1,0,nude/resized217.jpg
1,0,nude/resized359.jpg
1,0,nude/resized155.jpg
1,0,nude/resized733.jpg
0,1,non/resized35.jpg
1,0,nude/resized222.jpg
1,0,nude/resized402.jpg
0,1,non/resized528.jpg
1,0,nude/resized625.jpg
0,1,non/resized550.jpg
0,1,non/resized105.jpg
1,0,nude/resized44.jpg
0,1,non/resized532.jpg
1,0,nude/resized457.jpg
0,1,non/resized84.jpg
1,0,nude/resized83.jpg
1,0,nude/resized274.jpg
0,1,non/resized2.jpg
1,0,nude/resized121.jpg
0,1,non/resized547.jpg
1,0,nude/resized426.jpg
1,0,nude/resized398.jpg
1,0,nude/resized180.jpg
1,0,nude/resized680.jpg
1,0,nude/resized587.jpg
0,1,non/resized59.jpg
0,1,non/resized336.jpg
1,0,nude/resized385.jpg
1,0,nude/resized446.jpg
1,0,nude/resized433.jpg
0,1,non/resized696.jpg
1,0,nude/resized208.jpg
0,1,non/resized389.jpg
0,1,non/resized426.jpg
0,1,non/resized508.jpg
0,1,non/resized560.jpg
0,1,non/resized388.jpg
1,0,nude/resized496.jpg
1,0,nude/resized216.jpg
1,0,nude/resized376.jpg
1,0,nude/resized307.jpg
1,0,nude/resized197.jpg
0,1,non/resized348.jpg
0,1,non/resized594.jpg
1,0,nude/resized522.jpg
0,1,non/resized255.jpg
0,1,non/resized589.jpg
0,1,non/resized76.jpg
0,1,non/resized704.jpg
0,1,non/resized281.jpg
1,0,nude/resized519.jpg
1,0,nude/resized92.jpg
1,0,nude/resized112.jpg
0,1,non/resized402.jpg
0,1,non/resized703.jpg
1,0,nude/resized261.jpg
1,0,nude/resized780.jpg
1,0,nude/resized600.jpg
0,1,non/resized254.jpg
1,0,nude/resized746.jpg
0,1,non/resized178.jpg
0,1,non/resized228.jpg
0,1,non/resized569.jpg
1,0,nude/resized575.jpg
0,1,non/resized226.jpg
1,0,nude/resized133.jpg
0,1,non/resized172.jpg
1,0,nude/resized138.jpg
1,0,nude/resized61.jpg
0,1,non/resized646.jpg
1,0,nude/resized95.jpg
1,0,nude/resized260.jpg
1,0,nude/resized199.jpg
0,1,non/resized117.jpg
1,0,nude/resized315.jpg
1,0,nude/resized238.jpg
0,1,non/resized151.jpg
0,1,non/resized54.jpg
1,0,nude/resized435.jpg
1,0,nude/resized498.jpg
0,1,non/resized16.jpg
0,1,non/resized430.jpg
0,1,non/resized602.jpg
1,0,nude/resized437.jpg
1,0,nude/resized322.jpg
1,0,nude/resized773.jpg
1,0,nude/resized139.jpg
1,0,nude/resized232.jpg
1,0,nude/resized176.jpg
0,1,non/resized333.jpg
1,0,nude/resized19.jpg
0,1,non/resized127.jpg
1,0,nude/resized671.jpg
1,0,nude/resized713.jpg
1,0,nude/resized703.jpg
1,0,nude/resized686.jpg
1,0,nude/resized698.jpg
0,1,non/resized496.jpg
0,1,non/resized606.jpg
1,0,nude/resized493.jpg
1,0,nude/resized476.jpg
0,1,non/resized182.jpg
0,1,non/resized406.jpg
1,0,nude/resized577.jpg
1,0,nude/resized54.jpg
0,1,non/resized702.jpg
1,0,nude/resized158.jpg
1,0,nude/resized134.jpg
1,0,nude/resized695.jpg
0,1,non/resized630.jpg
0,1,non/resized538.jpg
1,0,nude/resized593.jpg
1,0,nude/resized580.jpg
1,0,nude/resized46.jpg
1,0,nude/resized644.jpg
0,1,non/resized593.jpg
1,0,nude/resized262.jpg
1,0,nude/resized706.jpg
1,0,nude/resized514.jpg
1,0,nude/resized349.jpg
0,1,non/resized670.jpg
1,0,nude/resized783.jpg
1,0,nude/resized111.jpg
1,0,nude/resized210.jpg
1,0,nude/resized384.jpg
1,0,nude/resized478.jpg
0,1,non/resized200.jpg
0,1,non/resized164.jpg
1,0,nude/resized510.jpg
0,1,non/resized395.jpg
0,1,non/resized109.jpg
1,0,nude/resized420.jpg
0,1,non/resized205.jpg
1,0,nude/resized109.jpg
1,0,nude/resized554.jpg
0,1,non/resized416.jpg
1,0,nude/resized172.jpg
1,0,nude/resized475.jpg
1,0,nude/resized383.jpg
1,0,nude/resized412.jpg
1,0,nude/resized368.jpg
0,1,non/resized620.jpg
0,1,non/resized490.jpg
0,1,non/resized294.jpg
0,1,non/resized343.jpg
0,1,non/resized247.jpg
1,0,nude/resized449.jpg
0,1,non/resized97.jpg
0,1,non/resized340.jpg
0,1,non/resized72.jpg
0,1,non/resized355.jpg
0,1,non/resized370.jpg
0,1,non/resized229.jpg
1,0,nude/resized306.jpg
1,0,nude/resized171.jpg
1,0,nude/resized17.jpg
1,0,nude/resized194.jpg
1,0,nude/resized81.jpg
0,1,non/resized116.jpg
0,1,non/resized147.jpg
0,1,non/resized107.jpg
1,0,nude/resized549.jpg
1,0,nude/resized24.jpg
1,0,nude/resized606.jpg
1,0,nude/resized374.jpg
1,0,nude/resized418.jpg
0,1,non/resized305.jpg
1,0,nude/resized60.jpg
1,0,nude/resized328.jpg
1,0,nude/resized492.jpg
1,0,nude/resized781.jpg
0,1,non/resized118.jpg
1,0,nude/resized120.jpg
0,1,non/resized344.jpg
0,1,non/resized504.jpg
1,0,nude/resized486.jpg
1,0,nude/resized748.jpg
0,1,non/resized563.jpg
0,1,non/resized267.jpg
1,0,nude/resized386.jpg
0,1,non/resized453.jpg
0,1,non/resized332.jpg
0,1,non/resized20.jpg
1,0,nude/resized443.jpg
1,0,nude/resized712.jpg
1,0,nude/resized312.jpg
1,0,nude/resized192.jpg
0,1,non/resized61.jpg
0,1,non/resized175.jpg
0,1,non/resized605.jpg
0,1,non/resized437.jpg
0,1,non/resized170.jpg
0,1,non/resized69.jpg
0,1,non/resized688.jpg
0,1,non/resized56.jpg
0,1,non/resized146.jpg
1,0,nude/resized568.jpg
1,0,nude/resized534.jpg
0,1,non/resized154.jpg
1,0,nude/resized516.jpg
0,1,non/resized583.jpg
1,0,nude/resized460.jpg
0,1,non/resized472.jpg
0,1,non/resized196.jpg
1,0,nude/resized388.jpg
1,0,nude/resized578.jpg
1,0,nude/resized309.jpg
1,0,nude/resized58.jpg
1,0,nude/resized200.jpg
0,1,non/resized342.jpg
1,0,nude/resized239.jpg
0,1,non/resized409.jpg
0,1,non/resized641.jpg
0,1,non/resized517.jpg
1,0,nude/resized48.jpg
1,0,nude/resized461.jpg
0,1,non/resized405.jpg
1,0,nude/resized762.jpg
0,1,non/resized310.jpg
0,1,non/resized341.jpg
1,0,nude/resized145.jpg
1,0,nude/resized653.jpg
0,1,non/resized298.jpg
1,0,nude/resized517.jpg
0,1,non/resized691.jpg
0,1,non/resized306.jpg
0,1,non/resized459.jpg
1,0,nude/resized528.jpg
1,0,nude/resized524.jpg
0,1,non/resized89.jpg
1,0,nude/resized620.jpg
0,1,non/resized231.jpg
0,1,non/resized160.jpg
0,1,non/resized531.jpg
0,1,non/resized631.jpg
1,0,nude/resized160.jpg
0,1,non/resized419.jpg
1,0,nude/resized666.jpg
1,0,nude/resized558.jpg
1,0,nude/resized257.jpg
1,0,nude/resized282.jpg
0,1,non/resized425.jpg
1,0,nude/resized480.jpg
0,1,non/resized427.jpg
1,0,nude/resized772.jpg
0,1,non/resized552.jpg
1,0,nude/resized509.jpg
1,0,nude/resized544.jpg
1,0,nude/resized65.jpg
1,0,nude/resized177.jpg
1,0,nude/resized728.jpg
0,1,non/resized3.jpg
1,0,nude/resized96.jpg
1,0,nude/resized738.jpg
0,1,non/resized101.jpg
0,1,non/resized39.jpg
1,0,nude/resized213.jpg
1,0,nude/resized254.jpg
1,0,nude/resized229.jpg
0,1,non/resized618.jpg
1,0,nude/resized209.jpg
1,0,nude/resized639.jpg
0,1,non/resized193.jpg
1,0,nude/resized436.jpg
1,0,nude/resized490.jpg
0,1,non/resized311.jpg
1,0,nude/resized552.jpg
1,0,nude/resized505.jpg
1,0,nude/resized132.jpg
1,0,nude/resized421.jpg
1,0,nude/resized529.jpg
1,0,nude/resized32.jpg
0,1,non/resized274.jpg
1,0,nude/resized330.jpg
0,1,non/resized523.jpg
1,0,nude/resized159.jpg
0,1,non/resized10.jpg
1,0,nude/resized352.jpg
0,1,non/resized133.jpg
1,0,nude/resized184.jpg
1,0,nude/resized150.jpg
1,0,nude/resized637.jpg
1,0,nude/resized397.jpg
1,0,nude/resized782.jpg
1,0,nude/resized13.jpg
0,1,non/resized461.jpg
1,0,nude/resized657.jpg
1,0,nude/resized645.jpg
0,1,non/resized556.jpg
0,1,non/resized250.jpg
1,0,nude/resized767.jpg
1,0,nude/resized56.jpg
1,0,nude/resized387.jpg
0,1,non/resized450.jpg
1,0,nude/resized293.jpg
0,1,non/resized659.jpg
0,1,non/resized251.jpg
1,0,nude/resized381.jpg
0,1,non/resized475.jpg
1,0,nude/resized607.jpg
1,0,nude/resized717.jpg
0,1,non/resized334.jpg
1,0,nude/resized451.jpg
1,0,nude/resized545.jpg
1,0,nude/resized422.jpg
1,0,nude/resized161.jpg
1,0,nude/resized560.jpg
0,1,non/resized683.jpg
1,0,nude/resized726.jpg
1,0,nude/resized627.jpg
1,0,nude/resized203.jpg
1,0,nude/resized50.jpg
1,0,nude/resized64.jpg
0,1,non/resized155.jpg
1,0,nude/resized424.jpg
1,0,nude/resized584.jpg
0,1,non/resized654.jpg
0,1,non/resized88.jpg
0,1,non/resized612.jpg
1,0,nude/resized531.jpg
1,0,nude/resized474.jpg
0,1,non/resized330.jpg
1,0,nude/resized445.jpg
1,0,nude/resized237.jpg
0,1,non/resized209.jpg
1,0,nude/resized360.jpg
1,0,nude/resized543.jpg
1,0,nude/resized785.jpg
0,1,non/resized588.jpg
1,0,nude/resized615.jpg
1,0,nude/resized66.jpg
1,0,nude/resized542.jpg
0,1,non/resized385.jpg
0,1,non/resized177.jpg
0,1,non/resized256.jpg
1,0,nude/resized214.jpg
1,0,nude/resized118.jpg
0,1,non/resized45.jpg
0,1,non/resized5.jpg
1,0,nude/resized709.jpg
1,0,nude/resized183.jpg
0,1,non/resized423.jpg
0,1,non/resized451.jpg
0,1,non/resized557.jpg
0,1,non/resized458.jpg
0,1,non/resized515.jpg
0,1,non/resized303.jpg
1,0,nude/resized759.jpg
1,0,nude/resized595.jpg
1,0,nude/resized721.jpg
0,1,non/resized639.jpg
0,1,non/resized299.jpg
0,1,non/resized633.jpg
1,0,nude/resized642.jpg
0,1,non/resized53.jpg
1,0,nude/resized174.jpg
1,0,nude/resized440.jpg
0,1,non/resized644.jpg
1,0,nude/resized268.jpg
1,0,nude/resized569.jpg
1,0,nude/resized366.jpg
1,0,nude/resized4.jpg
1,0,nude/resized284.jpg
0,1,non/resized434.jpg
1,0,nude/resized256.jpg
1,0,nude/resized39.jpg
0,1,non/resized260.jpg
0,1,non/resized273.jpg
1,0,nude/resized240.jpg
1,0,nude/resized241.jpg
0,1,non/resized676.jpg
0,1,non/resized83.jpg
1,0,nude/resized173.jpg
0,1,non/resized347.jpg
1,0,nude/resized611.jpg
0,1,non/resized635.jpg
1,0,nude/resized515.jpg
1,0,nude/resized662.jpg
0,1,non/resized433.jpg
1,0,nude/resized661.jpg
1,0,nude/resized724.jpg
